dataset,M,efConstruction,dimensions,no_of_vectors,recall@100,efSearch,query_time(ms)
coco-i2i-512-angular,8,50,512,113287,0.99,1700,26330
fashion-mnist-784-euclidean,8,50,784,60000,0.99,161,1885
gist-960-euclidean,8,50,960,1000000,0.9487,30000,818461
glove-25-angular,8,50,25,1183514,0.99,1780,24678
glove-50-angular,8,50,50,1183514,0.9177,2000,33602
glove-100-angular,8,50,100,1183514,0.99,
glove-200-angular,8,50,200,1183514,0.99,
lastfm-64-dot,8,50,65,292385,0.99,870,29057
mnist-784-euclidean,8,50,784,60000,0.99,175,2178
nytimes-256-angular,8,50,256,290000,0.99,
sift-128-euclidean,8,50,128,1000000,0.99,1176,13005

coco-i2i-512-angular,8,100,512,113287,0.99,597,5030
fashion-mnist-784-euclidean,8,100,784,60000,0.99,134,1678
gist-960-euclidean,8,100,960,1000000,0.99,
glove-25-angular,8,100,25,1183514,0.99,1095,10276
glove-50-angular,8,100,50,1183514,0.99,
glove-100-angular,8,100,100,1183514,0.99,
glove-200-angular,8,100,200,1183514,0.99,
lastfm-64-dot,8,100,65,292385,0.99,324,6081
mnist-784-euclidean,8,100,784,60000,0.99,139,1893
nytimes-256-angular,8,100,256,290000,0.99,
sift-128-euclidean,8,100,128,1000000,0.99,765,6829

coco-i2i-512-angular,8,200,512,113287,0.99,426,4385
fashion-mnist-784-euclidean,8,200,784,60000,0.99,123,1628
gist-960-euclidean,8,200,960,1000000,0.99,
glove-25-angular,8,200,25,1183514,0.99,855,6710
glove-50-angular,8,200,50,1183514,0.99,
glove-100-angular,8,200,100,1183514,0.99,
glove-200-angular,8,200,200,1183514,0.99,
lastfm-64-dot,8,200,65,292385,0.99,263,4662
mnist-784-euclidean,8,200,784,60000,0.99,129,1887
nytimes-256-angular,8,200,256,290000,0.99,
sift-128-euclidean,8,200,128,1000000,0.99,611,4.996

coco-i2i-512-angular,16,50,512,113287,0.99,643,6723
fashion-mnist-784-euclidean,16,50,784,60000,0.99,115,1580
gist-960-euclidean,16,50,960,1000000,0.9601,3000,12631
glove-25-angular,16,50,25,1183514,0.99,689,4956
glove-50-angular,16,50,50,1183514,0.9177,
glove-100-angular,16,50,100,1183514,0.99,
glove-200-angular,16,50,200,1183514,0.99,
lastfm-64-dot,16,50,65,292385,0.99,503,12006
mnist-784-euclidean,16,50,784,60000,0.99,134,1943
nytimes-256-angular,16,50,256,290000,0.99,
sift-128-euclidean,16,50,128,1000000,0.99,518,4572

coco-i2i-512-angular,16,100,512,113287,0.99,322,3299
fashion-mnist-784-euclidean,16,100,784,60000,0.99,95,1488
gist-960-euclidean,16,100,960,1000000,0.9791,3000,13029
glove-25-angular,16,100,25,1183514,0.99,392,2237
glove-50-angular,16,100,50,1183514,0.9177,
glove-100-angular,16,100,100,1183514,0.99,
glove-200-angular,16,100,200,1183514,0.99,
lastfm-64-dot,16,100,65,292385,0.99,267,4792
mnist-784-euclidean,16,100,784,60000,0.99,105,1740
nytimes-256-angular,16,100,256,290000,0.99,
sift-128-euclidean,16,100,128,1000000,0.99,331,2772

coco-i2i-512-angular,16,200,512,113287,0.99,239,2635
fashion-mnist-784-euclidean,16,200,784,60000,0.99,85,1548
gist-960-euclidean,16,200,960,1000000,0.9882,3000,13255
glove-25-angular,16,200,25,1183514,0.99,304,1756
glove-50-angular,16,200,50,1183514,0.9177,
glove-100-angular,16,200,100,1183514,0.99,
glove-200-angular,16,200,200,1183514,0.99,
lastfm-64-dot,16,200,65,292385,0.99,219,3883
mnist-784-euclidean,16,200,784,60000,0.99,94,1717
nytimes-256-angular,16,200,256,290000,0.99,
sift-128-euclidean,16,200,128,1000000,0.99,265, 2219

coco-i2i-512-angular,32,50,512,113287,0.99,198,2586
fashion-mnist-784-euclidean,32,50,784,60000,0.99,63,1512
gist-960-euclidean,32,50,960,1000000,0.99,1022,8155
glove-25-angular,32,50,25,1183514,0.99,274,1954
glove-50-angular,32,50,50,1183514,0.9177,1312,18824
glove-100-angular,32,50,100,1183514,0.99,
glove-200-angular,32,50,200,1183514,0.99,
lastfm-64-dot,32,50,65,292385,0.99,166,3432
mnist-784-euclidean,32,50,784,60000,0.99,70,1719
nytimes-256-angular,32,50,256,290000,0.99,
sift-128-euclidean,32,50,128,1000000,0.99,216,2238

coco-i2i-512-angular,32,100,512,113287,0.99,275,3377
fashion-mnist-784-euclidean,32,100,784,60000,0.99,86,1497
gist-960-euclidean,32,100,960,1000000,0.99,2385,10876
glove-25-angular,32,100,25,1183514,0.99,296,1698
glove-50-angular,32,100,50,1183514,0.9177,1262,16764
glove-100-angular,32,100,100,1183514,0.99,
glove-200-angular,32,100,200,1183514,0.99,
lastfm-64-dot,32,100,65,292385,0.99,250,4549
mnist-784-euclidean,32,100,784,60000,0.99,97,1759
nytimes-256-angular,32,100,256,290000,0.99,
sift-128-euclidean,32,100,128,1000000,0.99,264,2281

coco-i2i-512-angular,32,200,512,113287,0.99,194,2379
fashion-mnist-784-euclidean,32,200,784,60000,0.99,75,1460
gist-960-euclidean,32,200,960,1000000,0.99,1346,5846
glove-25-angular,32,200,25,1183514,0.99,212,1275
glove-50-angular,32,200,50,1183514,0.9177,728,8099
glove-100-angular,32,200,100,1183514,0.99,
glove-200-angular,32,200,200,1183514,0.99,
lastfm-64-dot,32,200,65,292385,0.99,205,3924
mnist-784-euclidean,32,200,784,60000,0.99,84,1877
nytimes-256-angular,32,200,256,290000,0.99,
sift-128-euclidean,32,200,128,1000000,0.99,197,1890

MISSING M = 64 EFC = 50

coco-i2i-512-angular,64,100,512,113287,0.99,107,2152
fashion-mnist-784-euclidean,64,100,784,60000,0.99,39,1540
gist-960-euclidean,64,100,960,1000000,0.99,450,4748
glove-25-angular,64,100,25,1183514,0.99,130,1087
glove-50-angular,64,100,50,1183514,0.99,484,6069
glove-100-angular,64,100,100,1183514,0.9791,1000,19525
glove-200-angular,64,100,200,1183514,0.99,
lastfm-64-dot,64,100,65,292385,0.99,101,2657
mnist-784-euclidean,64,100,784,60000,0.99,43,1750
nytimes-256-angular,64,100,256,290000,0.9673,1000,26749
sift-128-euclidean,64,100,128,1000000,0.99,120,1911

coco-i2i-512-angular,64,200,512,113287,0.99,187,2449
fashion-mnist-784-euclidean,64,200,784,60000,0.99,74,1547
gist-960-euclidean,64,200,960,1000000,0.99,935,5271
glove-25-angular,64,200,25,1183514,0.99,187,1238
glove-50-angular,64,200,50,1183514,0.99,583,6515
glove-100-angular,64,200,100,1183514,0.99,
glove-200-angular,64,200,200,1183514,0.99,
lastfm-64-dot,64,200,65,292385,0.99,201,3570
mnist-784-euclidean,64,200,784,60000,0.99,82,1763
nytimes-256-angular,64,200,256,290000,0.99,
sift-128-euclidean,64,200,128,1000000,0.99,183,1922

coco-i2i-512-angular,128,50,512,113287,0.99,122,2651
fashion-mnist-784-euclidean,128,50,784,60000,0.99,30,1821
gist-960-euclidean,128,50,960,1000000,0.99,416,4971
glove-25-angular,128,50,25,1183514,0.99,161,1483
glove-50-angular,128,50,50,1183514,0.99,699,9592
glove-100-angular,128,50,100,1183514,0.99,
glove-200-angular,128,50,200,1183514,0.99,
lastfm-64-dot,128,50,65,292385,0.99,109,3118
mnist-784-euclidean,128,50,784,60000,0.99,43,2124
nytimes-256-angular,128,50,256,290000,0.99,
sift-128-euclidean,128,50,128,1000000,0.99,118,2172

coco-i2i-512-angular,128,100,512,113287,0.99,74,2276
fashion-mnist-784-euclidean,128,100,784,60000,0.99,20,1733
gist-960-euclidean,128,100,960,1000000,0.99,280,5268
glove-25-angular,128,100,25,1183514,0.99,86,1143
glove-50-angular,128,100,50,1183514,0.99,324,5291
glove-100-angular,128,100,100,1183514,0.99,1068,26578
glove-200-angular,128,100,200,1183514,0.99,2612,110541
lastfm-64-dot,128,100,65,292385,0.99,78,3085
mnist-784-euclidean,128,100,784,60000,0.99,25,2067
nytimes-256-angular,128,100,256,290000,0.99,1561,56414
sift-128-euclidean,128,100,128,1000000,0.99,75,1948

coco-i2i-512-angular,128,200,512,113287,0.99,62,2104
fashion-mnist-784-euclidean,128,200,784,60000,0.99,25,1830
gist-960-euclidean,128,200,960,1000000,0.99,255,4266
glove-25-angular,128,200,25,1183514,0.99,76,1090
glove-50-angular,128,200,50,1183514,0.99,231,4354
glove-100-angular,128,200,100,1183514,0.99,677,18490
glove-200-angular,128,200,200,1183514,0.99,1611,69453
lastfm-64-dot,128,200,65,292385,0.99,69,3254
mnist-784-euclidean,128,200,784,60000,0.99,27,2039
nytimes-256-angular,128,200,256,290000,0.99,853,34674
sift-128-euclidean,128,200,128,1000000,0.99,75,2081
